{
    "mls": {
        "num_samples": 871,
        "mean": 0.06267077624193955,
        "std": 0.06456390991536684,
        "min": 0.0,
        "max": 0.9285714285714286
    },
    "cv_22_0": {
        "num_samples": 9641,
        "mean": 0.16681397611021095,
        "std": 0.4230894064283957,
        "min": 0.0,
        "max": 8.0
    },
    "mind_14": {
        "num_samples": 604,
        "mean": 0.32312543665033855,
        "std": 0.3734891302184543,
        "min": 0.0,
        "max": 4.333333333333333
    },
    "speech_massive_test": {
        "num_samples": 2974,
        "mean": 0.1716218627203779,
        "std": 0.27110189975021354,
        "min": 0.0,
        "max": 2.0
    }
}