{
    "voxpopuli": {
        "num_samples": 1528,
        "mean": 0.09662360362856708,
        "std": 0.19263917675826894,
        "min": 0.0,
        "max": 1.6666666666666667
    },
    "mls": {
        "num_samples": 2385,
        "mean": 0.03886697214678297,
        "std": 0.06801070093267063,
        "min": 0.0,
        "max": 1.6666666666666667
    },
    "cv_22_0": {
        "num_samples": 15893,
        "mean": 0.10211827947002651,
        "std": 0.27105244091837316,
        "min": 0.0,
        "max": 17.9
    },
    "mind_14": {
        "num_samples": 486,
        "mean": 0.4323285838025278,
        "std": 1.0120886129873505,
        "min": 0.0,
        "max": 8.5
    },
    "sm_test": {
        "num_samples": 2974,
        "mean": 0.25831213290772753,
        "std": 0.36918449134750686,
        "min": 0.0,
        "max": 2.0
    },
    "fleurs": {
        "num_samples": 908,
        "mean": 0.0325200845572419,
        "std": 0.056949186449809154,
        "min": 0.0,
        "max": 0.47619047619047616
    }
}