{
    "voxpopuli": {
        "num_samples": 309,
        "mean": 0.592509108472151,
        "std": 0.2532517404361073,
        "min": 0.0,
        "max": 1.5714285714285714
    },
    "cv_22_0": {
        "num_samples": 1340,
        "mean": 0.5459207945868394,
        "std": 0.41850913680786855,
        "min": 0.0,
        "max": 1.75
    },
    "eurospeech": {
        "num_samples": 3585,
        "mean": 0.5682904732216459,
        "std": 0.8940930499476816,
        "min": 0.0,
        "max": 29.0
    },
    "fleurs": {
        "num_samples": 834,
        "mean": 0.25138159850538844,
        "std": 0.18222832376060366,
        "min": 0.0,
        "max": 1.4615384615384615
    }
}