{
    "samples_per_dataset": 500,
    "voxpopuli": {
        "mean": 0.22707169923735848,
        "std": 0.3037991782435771,
        "min": 0.0,
        "max": 2.111111111111111
    },
    "mls": {
        "mean": 0.13102228682335976,
        "std": 0.11410670918594173,
        "min": 0.0,
        "max": 0.85
    },
    "cv_17": {
        "mean": 0.09285798984297436,
        "std": 0.19571173137367398,
        "min": 0.0,
        "max": 1.375
    },
    "mind_14": {
        "mean": 0.1458688935170108,
        "std": 0.228901268506498,
        "min": 0.0,
        "max": 2.8
    }
}