{
    "cv_22_0": {
        "num_samples": 10259,
        "mean": 0.4069845556637642,
        "std": 0.3834536710797734,
        "min": 0.0,
        "max": 3.0
    },
    "eurospeech": {
        "num_samples": 3239,
        "mean": 0.3963460483399081,
        "std": 2.2532948329431006,
        "min": 0.0,
        "max": 49.0
    },
    "fleurs": {
        "num_samples": 750,
        "mean": 0.1176978049960551,
        "std": 0.11248753571839727,
        "min": 0.0,
        "max": 0.875
    }
}