{
    "samples_per_dataset": 450,
    "voxpopuli": {
        "mean": 0.08458114654431799,
        "std": 0.17862894380301358,
        "min": 0.0,
        "max": 2.125
    },
    "mls": {
        "mean": 0.05575407100037478,
        "std": 0.050729092493142586,
        "min": 0.0,
        "max": 0.26666666666666666
    },
    "cv_17": {
        "mean": 0.012995689495689496,
        "std": 0.06924836243671698,
        "min": 0.0,
        "max": 1.0
    },
    "mind_14": {
        "mean": 0.323985308665245,
        "std": 0.570617085908112,
        "min": 0.0,
        "max": 6.0
    }
}