{
    "samples_per_dataset": 450,
    "voxpopuli": {
        "mean": 0.14477488327987342,
        "std": 0.20195696110532424,
        "min": 0.0,
        "max": 1.75
    },
    "mls": {
        "mean": 0.14049162332723852,
        "std": 0.2932571672906683,
        "min": 0.0,
        "max": 5.666666666666667
    },
    "cv_17": {
        "mean": 0.0780793162901006,
        "std": 0.14037328065462223,
        "min": 0.0,
        "max": 1.25
    },
    "mind_14": {
        "mean": 0.1931210885773933,
        "std": 0.3272781812275094,
        "min": 0.0,
        "max": 5.071428571428571
    }
}