{
    "voxpopuli": {
        "num_samples": 1831,
        "mean": 0.1493323047492487,
        "std": 0.5369225692411861,
        "min": 0.0,
        "max": 20.0
    },
    "mls": {
        "num_samples": 520,
        "mean": 0.08529676402355163,
        "std": 0.07262079480514187,
        "min": 0.0,
        "max": 0.5217391304347826
    },
    "cv_22_0": {
        "num_samples": 9856,
        "mean": 0.2890093925960403,
        "std": 0.39703674416646006,
        "min": 0.0,
        "max": 3.0
    },
    "mind_14": {
        "num_samples": 562,
        "mean": 0.3285923126426284,
        "std": 0.5712529857980441,
        "min": 0.0,
        "max": 6.166666666666667
    },
    "sm_test": {
        "num_samples": 2974,
        "mean": 0.4162590277402107,
        "std": 0.5634087041588596,
        "min": 0.0,
        "max": 18.25
    },
    "fleurs": {
        "num_samples": 758,
        "mean": 0.0874215838530019,
        "std": 0.11316832149303589,
        "min": 0.0,
        "max": 0.9166666666666666
    }
}