{
    "samples_per_dataset": 450,
    "voxpopuli": {
        "mean": 0.10071339039429644,
        "std": 0.1437613956812439,
        "min": 0.0,
        "max": 1.0
    },
    "mls": {
        "mean": 0.13394317875304093,
        "std": 0.18624746305541637,
        "min": 0.0,
        "max": 0.9333333333333333
    },
    "cv_17": {
        "mean": 0.055604004049308486,
        "std": 0.15074758377666733,
        "min": 0.0,
        "max": 1.0
    },
    "mind_14": {
        "mean": 0.16060253680474615,
        "std": 0.30768856950127815,
        "min": 0.0,
        "max": 3.6923076923076925
    }
}