{
    "voxpopuli": {
        "num_samples": 1742,
        "mean": 0.15503685101512166,
        "std": 0.31745179126452633,
        "min": 0.0,
        "max": 7.444444444444445
    },
    "mls": {
        "num_samples": 2426,
        "mean": 0.0512900344420188,
        "std": 0.18812180425469635,
        "min": 0.0,
        "max": 7.6
    },
    "cv_22_0": {
        "num_samples": 16186,
        "mean": 0.16733658404611237,
        "std": 0.28495522834918974,
        "min": 0.0,
        "max": 3.0
    },
    "mind_14": {
        "num_samples": 539,
        "mean": 0.3258661935470401,
        "std": 0.5893031290542704,
        "min": 0.0,
        "max": 6.875
    },
    "sm_test": {
        "num_samples": 2974,
        "mean": 0.30237304617957966,
        "std": 0.3835030729134041,
        "min": 0.0,
        "max": 2.0
    },
    "eurospeech": {
        "num_samples": 744,
        "mean": 0.14143547782917584,
        "std": 0.13420127201726834,
        "min": 0.0,
        "max": 1.8
    },
    "fleurs": {
        "num_samples": 676,
        "mean": 0.051442128548618224,
        "std": 0.06752008682641722,
        "min": 0.0,
        "max": 0.35714285714285715
    }
}