{
    "voxpopuli": {
        "num_samples": 1968,
        "mean": 0.16775892563487724,
        "std": 0.265747318565636,
        "min": 0.0,
        "max": 1.25
    },
    "mls": {
        "num_samples": 3394,
        "mean": 0.06024304013005821,
        "std": 0.12545834480058102,
        "min": 0.0,
        "max": 3.3333333333333335
    },
    "cv_22_0": {
        "num_samples": 16197,
        "mean": 0.14277526728245013,
        "std": 0.31364720827610765,
        "min": 0.0,
        "max": 18.0
    },
    "mind_14": {
        "num_samples": 611,
        "mean": 0.1878583113248047,
        "std": 0.33614089625070714,
        "min": 0.0,
        "max": 3.6923076923076925
    },
    "sm_test": {
        "num_samples": 2974,
        "mean": 0.3328627411404537,
        "std": 0.3891160990860497,
        "min": 0.0,
        "max": 3.5
    },
    "eurospeech": {
        "num_samples": 4872,
        "mean": 0.16744040392263557,
        "std": 0.6061937876380987,
        "min": 0.0,
        "max": 16.0
    },
    "fleurs": {
        "num_samples": 862,
        "mean": 0.05018374753730761,
        "std": 0.07369170728040277,
        "min": 0.0,
        "max": 0.6428571428571429
    }
}