{
    "cv_22_0": {
        "num_samples": 5441,
        "mean": 0.4924226116447215,
        "std": 0.43507810477559045,
        "min": 0.0,
        "max": 2.75
    },
    "eurospeech": {
        "num_samples": 6138,
        "mean": 0.2252221971317002,
        "std": 1.1401962889785326,
        "min": 0.0,
        "max": 65.0
    },
    "fleurs": {
        "num_samples": 759,
        "mean": 0.11095175308330663,
        "std": 0.13441358249528945,
        "min": 0.0,
        "max": 1.625
    }
}