{
    "cv_22_0": {
        "num_samples": 2758,
        "mean": 0.18504783730490762,
        "std": 0.2609402307324993,
        "min": 0.0,
        "max": 6.0
    },
    "eurospeech": {
        "num_samples": 3981,
        "mean": 0.2546190813494828,
        "std": 1.4692025961302184,
        "min": 0.0,
        "max": 51.0
    },
    "fleurs": {
        "num_samples": 930,
        "mean": 0.196233150919163,
        "std": 0.13159048942358828,
        "min": 0.0,
        "max": 1.0
    },
    "ftspeech": {
        "num_samples": 5534,
        "mean": 0.37466737743960005,
        "std": 0.4871753504220255,
        "min": 0.0,
        "max": 12.0
    },
    "nst_da": {
        "num_samples": 54747,
        "mean": 0.4081561543088762,
        "std": 0.4411958916095809,
        "min": 0.0,
        "max": 8.0
    }
}