{
    "voxpopuli": {
        "num_samples": 1383,
        "mean": 0.16227146967476347,
        "std": 0.24627075393538397,
        "min": 0.0,
        "max": 1.0
    },
    "cv_22_0": {
        "num_samples": 3930,
        "mean": 0.19608279902173031,
        "std": 0.30704929301895717,
        "min": 0.0,
        "max": 1.4285714285714286
    },
    "rss_0_8_1": {
        "num_samples": 536,
        "mean": 0.21826541891515497,
        "std": 0.20848686071337663,
        "min": 0.0,
        "max": 1.5
    },
    "echo": {
        "num_samples": 16294,
        "mean": 0.15909042726788897,
        "std": 0.42669363093700674,
        "min": 0.0,
        "max": 42.666666666666664
    },
    "fleurs": {
        "num_samples": 883,
        "mean": 0.07955242197999172,
        "std": 0.0892429828703842,
        "min": 0.0,
        "max": 0.5806451612903226
    }
}