{
    "voxpopuli": {
        "num_samples": 42,
        "mean": 0.32117680735031556,
        "std": 0.22771189479021636,
        "min": 0.0,
        "max": 1.0
    },
    "cv_22_0": {
        "num_samples": 5384,
        "mean": 0.17428689696055966,
        "std": 0.2429591327552064,
        "min": 0.0,
        "max": 2.25
    },
    "eurospeech": {
        "num_samples": 7319,
        "mean": 0.5564914906995494,
        "std": 1.7492090333484325,
        "min": 0.0,
        "max": 44.0
    },
    "fleurs": {
        "num_samples": 986,
        "mean": 0.22804051516194734,
        "std": 0.1358217910594098,
        "min": 0.0,
        "max": 0.6666666666666666
    }
}