{
    "voxpopuli": {
        "num_samples": 51,
        "mean": 0.3143357729079233,
        "std": 0.21388921964809054,
        "min": 0.0,
        "max": 1.0
    },
    "cv_22_0": {
        "num_samples": 2823,
        "mean": 0.24905095748872114,
        "std": 0.2373470556410252,
        "min": 0.0,
        "max": 1.4545454545454546
    },
    "eurospeech": {
        "num_samples": 3554,
        "mean": 0.4196484884814366,
        "std": 0.7005987525256576,
        "min": 0.0,
        "max": 29.0
    }
}