{
    "cv_17": {
        "num_samples": 10203,
        "mean": 0.07263601666718397,
        "std": 0.19973672134614967,
        "min": 0.0,
        "max": 9.0
    },
    "mind_14": {
        "num_samples": 539,
        "mean": 0.2081885742330034,
        "std": 0.36017680463019536,
        "min": 0.0,
        "max": 4.555555555555555
    },
    "sm_test": {
        "num_samples": 2974,
        "mean": 0.06496761968878616,
        "std": 0.14408255323643107,
        "min": 0.0,
        "max": 2.0
    }
}