{
    "voxpopuli": {
        "num_samples": 42,
        "mean": 0.2765864067042942,
        "std": 0.2316529395384837,
        "min": 0.0,
        "max": 1.0
    },
    "cv_22_0": {
        "num_samples": 5384,
        "mean": 0.28307782536515824,
        "std": 0.3131591262806157,
        "min": 0.0,
        "max": 3.0
    },
    "eurospeech": {
        "num_samples": 7319,
        "mean": 0.45389096495452425,
        "std": 1.8230386905801002,
        "min": 0.0,
        "max": 44.0
    },
    "fleurs": {
        "num_samples": 986,
        "mean": 0.16840831654168303,
        "std": 0.1421297147825927,
        "min": 0.0,
        "max": 1.0
    }
}