{
    "cv_22_0": {
        "num_samples": 10259,
        "mean": 0.05625645595915602,
        "std": 0.1341653048762361,
        "min": 0.0,
        "max": 1.25
    },
    "eurospeech": {
        "num_samples": 3239,
        "mean": 0.3658324122742587,
        "std": 2.335438157355161,
        "min": 0.0,
        "max": 50.0
    },
    "fleurs": {
        "num_samples": 750,
        "mean": 0.06937867119669724,
        "std": 0.08395924539975491,
        "min": 0.0,
        "max": 0.6153846153846154
    }
}