{
    "voxpopuli": {
        "num_samples": 666,
        "mean": 0.5554245833583737,
        "std": 0.45254459339770564,
        "min": 0.0,
        "max": 1.0
    },
    "eurospeech": {
        "num_samples": 5635,
        "mean": 0.19043709330300768,
        "std": 1.5691352504437452,
        "min": 0.0,
        "max": 42.0
    },
    "fleurs": {
        "num_samples": 914,
        "mean": 0.12794323593061865,
        "std": 0.11192221725380463,
        "min": 0.0,
        "max": 0.7857142857142857
    }
}