{
    "voxpopuli": {
        "num_samples": 1842,
        "mean": 0.13134835017101082,
        "std": 0.24546642146832884,
        "min": 0.0,
        "max": 4.0
    },
    "cv_22_0": {
        "num_samples": 16401,
        "mean": 0.18296235756413443,
        "std": 0.4089729413833604,
        "min": 0.0,
        "max": 23.923076923076923
    },
    "mind_14": {
        "num_samples": 563,
        "mean": 0.3853315305009616,
        "std": 0.7242757634017776,
        "min": 0.0,
        "max": 7.5
    },
    "fleurs": {
        "num_samples": 647,
        "mean": 0.052464024120515824,
        "std": 0.06901715844246048,
        "min": 0.0,
        "max": 0.42857142857142855
    }
}