{
    "voxpopuli": {
        "num_samples": 309,
        "mean": 0.26041854548203164,
        "std": 0.29210831491924877,
        "min": 0.0,
        "max": 1.0
    },
    "cv_22_0": {
        "num_samples": 1340,
        "mean": 0.5397328417850806,
        "std": 0.4451998791189804,
        "min": 0.0,
        "max": 1.4
    },
    "eurospeech": {
        "num_samples": 3585,
        "mean": 0.1732256449198227,
        "std": 1.0895881749495553,
        "min": 0.0,
        "max": 33.0
    },
    "fleurs": {
        "num_samples": 834,
        "mean": 0.14656369672005132,
        "std": 0.15705111065206173,
        "min": 0.0,
        "max": 1.3076923076923077
    }
}