{
    "samples_per_dataset": 500,
    "voxpopuli": {
        "mean": 0.24892634094162047,
        "std": 0.2971138853248821,
        "min": 0.0,
        "max": 2.0
    },
    "mls": {
        "mean": 0.10259897870524338,
        "std": 0.0893345695259651,
        "min": 0.0,
        "max": 0.5333333333333333
    },
    "cv_17": {
        "mean": 0.16051988233345751,
        "std": 0.25699391202147776,
        "min": 0.0,
        "max": 1.6
    },
    "mind_14": {
        "mean": 0.16549793860995413,
        "std": 0.243004920804372,
        "min": 0.0,
        "max": 3.0
    }
}