{
    "cv_22_0": {
        "num_samples": 10244,
        "mean": 0.24321023703833153,
        "std": 0.3554948884694729,
        "min": 0.0,
        "max": 2.3333333333333335
    },
    "mind_14": {
        "num_samples": 539,
        "mean": 0.25861707466350586,
        "std": 0.3466864612278386,
        "min": 0.0,
        "max": 2.5
    },
    "sm_test": {
        "num_samples": 2974,
        "mean": 0.30200044227393913,
        "std": 0.3923845495596246,
        "min": 0.0,
        "max": 2.3333333333333335
    },
    "fleurs": {
        "num_samples": 775,
        "mean": 0.09231380711796904,
        "std": 0.10659544114860564,
        "min": 0.0,
        "max": 0.9285714285714286
    }
}