{
    "voxpopuli": {
        "num_samples": 1110,
        "mean": 0.14620046049198243,
        "std": 0.22211970709332496,
        "min": 0.0,
        "max": 2.0
    },
    "cv_22_0": {
        "num_samples": 11659,
        "mean": 0.09117123287077827,
        "std": 0.15950975701622971,
        "min": 0.0,
        "max": 1.6666666666666667
    },
    "speech_massive_test": {
        "num_samples": 2974,
        "mean": 0.27753120149286514,
        "std": 0.30755483771307696,
        "min": 0.0,
        "max": 3.0
    }
}