{
    "voxpopuli": {
        "num_samples": 604,
        "mean": 0.13287103371320283,
        "std": 0.21360869644202993,
        "min": 0.0,
        "max": 1.0555555555555556
    },
    "cv_22_0": {
        "num_samples": 5053,
        "mean": 0.5797567419277294,
        "std": 0.46220526651973465,
        "min": 0.0,
        "max": 4.0
    },
    "eurospeech": {
        "num_samples": 5104,
        "mean": 0.14903433772187566,
        "std": 0.9265035755318878,
        "min": 0.0,
        "max": 32.0
    },
    "fleurs": {
        "num_samples": 792,
        "mean": 0.07920722952502479,
        "std": 0.11192879557307973,
        "min": 0.0,
        "max": 1.0
    }
}