{
    "voxpopuli": {
        "num_samples": 1123,
        "mean": 0.12391771729429672,
        "std": 0.21357777380910678,
        "min": 0.0,
        "max": 1.6666666666666667
    },
    "cv_22_0": {
        "num_samples": 9421,
        "mean": 0.29007791203948724,
        "std": 0.39533498065022493,
        "min": 0.0,
        "max": 3.5
    },
    "mind_14": {
        "num_samples": 574,
        "mean": 0.3660313809832949,
        "std": 0.6693147935840935,
        "min": 0.0,
        "max": 8.8
    },
    "fleurs": {
        "num_samples": 723,
        "mean": 0.09726494118827804,
        "std": 0.10519510454988948,
        "min": 0.0,
        "max": 1.0
    }
}