{
    "voxpopuli": {
        "num_samples": 666,
        "mean": 0.5665790416092128,
        "std": 0.4520159547830394,
        "min": 0.0,
        "max": 1.0
    },
    "eurospeech": {
        "num_samples": 5635,
        "mean": 0.15991716942517298,
        "std": 1.5888155286105061,
        "min": 0.0,
        "max": 42.0
    },
    "fleurs": {
        "num_samples": 914,
        "mean": 0.09550958737866243,
        "std": 0.10546268814478539,
        "min": 0.0,
        "max": 1.0
    }
}