{
    "cv_22_0": {
        "num_samples": 1711,
        "mean": 0.5237949384208882,
        "std": 0.3729755974438574,
        "min": 0.0,
        "max": 2.0
    },
    "eurospeech": {
        "num_samples": 6730,
        "mean": 1.1056892444994117,
        "std": 1.471231176623346,
        "min": 0.0,
        "max": 49.0
    },
    "fleurs": {
        "num_samples": 650,
        "mean": 0.27704285468444256,
        "std": 0.15806792872865563,
        "min": 0.0,
        "max": 1.0909090909090908
    }
}