{
    "cv_22_0": {
        "num_samples": 7705,
        "mean": 0.42884625901173595,
        "std": 0.41503723083512434,
        "min": 0.0,
        "max": 4.0
    },
    "eurospeech": {
        "num_samples": 3343,
        "mean": 0.7023139298657461,
        "std": 1.7129395101681912,
        "min": 0.0,
        "max": 44.0
    },
    "fleurs": {
        "num_samples": 851,
        "mean": 0.2378657835686606,
        "std": 0.13908207729653047,
        "min": 0.0,
        "max": 0.875
    }
}