{
    "voxpopuli": {
        "num_samples": 1177,
        "mean": 0.21519993612575525,
        "std": 0.28514907070349954,
        "min": 0.0,
        "max": 1.3333333333333333
    },
    "mls": {
        "num_samples": 1262,
        "mean": 0.1251888469005722,
        "std": 0.10685719380275475,
        "min": 0.0,
        "max": 0.5769230769230769
    },
    "cv_22_0": {
        "num_samples": 15177,
        "mean": 0.1624427240580588,
        "std": 0.31172924456780327,
        "min": 0.0,
        "max": 1.8
    },
    "mind_14": {
        "num_samples": 696,
        "mean": 0.22237566115828727,
        "std": 0.32516615251029646,
        "min": 0.0,
        "max": 3.0
    },
    "eurospeech": {
        "num_samples": 7429,
        "mean": 0.585516999091503,
        "std": 2.6556183771525674,
        "min": 0.0,
        "max": 60.0
    },
    "fleurs": {
        "num_samples": 865,
        "mean": 0.03047844112229775,
        "std": 0.053503043104491305,
        "min": 0.0,
        "max": 0.5
    }
}