{
    "voxpopuli": {
        "num_samples": 478,
        "mean": 0.16126485710084412,
        "std": 0.2640193874518103,
        "min": 0.0,
        "max": 1.5454545454545454
    },
    "cv_22_0": {
        "num_samples": 1806,
        "mean": 0.304988339456778,
        "std": 0.38618879579949916,
        "min": 0.0,
        "max": 2.5
    },
    "fleurs": {
        "num_samples": 918,
        "mean": 0.09645771178687355,
        "std": 0.11046903883947683,
        "min": 0.0,
        "max": 0.8333333333333334
    }
}