{
    "samples_per_dataset": 450,
    "voxpopuli": {
        "mean": 0.08188358797890392,
        "std": 0.16484849837666374,
        "min": 0.0,
        "max": 1.0
    },
    "mls": {
        "mean": 0.06389132162740578,
        "std": 0.09857127958485165,
        "min": 0.0,
        "max": 0.6756756756756757
    },
    "cv_17": {
        "mean": 0.0581388179721513,
        "std": 0.13882948418242919,
        "min": 0.0,
        "max": 1.0
    },
    "mind_14": {
        "mean": 0.4136177676330183,
        "std": 0.9962401191320497,
        "min": 0.0,
        "max": 8.2
    }
}