{
    "voxpopuli": {
        "num_samples": 1110,
        "mean": 0.14888281096048098,
        "std": 0.2504032758132479,
        "min": 0.0,
        "max": 2.6785714285714284
    },
    "cv_22_0": {
        "num_samples": 11659,
        "mean": 0.23553842268033023,
        "std": 0.6408491192538764,
        "min": 0.0,
        "max": 61.333333333333336
    },
    "sm_test": {
        "num_samples": 2974,
        "mean": 0.46697370526832105,
        "std": 0.39343967384355616,
        "min": 0.0,
        "max": 2.0
    },
    "fleurs": {
        "num_samples": 905,
        "mean": 0.15259124027031057,
        "std": 0.1303898983438469,
        "min": 0.0,
        "max": 0.8888888888888888
    }
}