{
    "cv_22_0": {
        "num_samples": 5441,
        "mean": 0.21670584217139782,
        "std": 0.2967311965071793,
        "min": 0.0,
        "max": 3.0
    },
    "eurospeech": {
        "num_samples": 6138,
        "mean": 0.28204110762541174,
        "std": 1.1092541356484868,
        "min": 0.0,
        "max": 61.0
    },
    "fleurs": {
        "num_samples": 759,
        "mean": 0.1607736615450255,
        "std": 0.1299731606915549,
        "min": 0.0,
        "max": 1.0
    }
}