{
    "voxpopuli": {
        "num_samples": 478,
        "mean": 0.18451973143166384,
        "std": 0.2578009533956609,
        "min": 0.0,
        "max": 1.6666666666666667
    },
    "cv_22_0": {
        "num_samples": 1806,
        "mean": 0.07493727971302722,
        "std": 0.16761042627212008,
        "min": 0.0,
        "max": 2.0
    },
    "fleurs": {
        "num_samples": 918,
        "mean": 0.1363484674481416,
        "std": 0.13064058252278574,
        "min": 0.0,
        "max": 0.75
    }
}