{
    "cv_22_0": {
        "num_samples": 1711,
        "mean": 0.19093516555527074,
        "std": 0.22175755099619893,
        "min": 0.0,
        "max": 2.0
    },
    "eurospeech": {
        "num_samples": 6730,
        "mean": 1.1100210193255082,
        "std": 1.4486154434013159,
        "min": 0.14285714285714285,
        "max": 49.0
    },
    "fleurs": {
        "num_samples": 650,
        "mean": 0.36007051527564854,
        "std": 0.16666486043281714,
        "min": 0.05,
        "max": 1.0
    }
}