{
    "mls": {
        "num_samples": 871,
        "mean": 0.08273358671303253,
        "std": 0.06596665326542604,
        "min": 0.0,
        "max": 0.4090909090909091
    },
    "cv_22_0": {
        "num_samples": 9641,
        "mean": 0.42330899574442776,
        "std": 0.5104758341964359,
        "min": 0.0,
        "max": 19.666666666666668
    },
    "mind_14": {
        "num_samples": 604,
        "mean": 0.3515956478997102,
        "std": 0.3862104928078119,
        "min": 0.0,
        "max": 4.166666666666667
    },
    "sm_test": {
        "num_samples": 2974,
        "mean": 0.4654545697617748,
        "std": 0.42154034202843754,
        "min": 0.0,
        "max": 2.4166666666666665
    },
    "fleurs": {
        "num_samples": 919,
        "mean": 0.049422445330462694,
        "std": 0.0805621880551754,
        "min": 0.0,
        "max": 1.0
    }
}