{
    "samples_per_dataset": 500,
    "voxpopuli": {
        "mean": 0.10598963525837395,
        "std": 0.2086301877213662,
        "min": 0.0,
        "max": 1.0
    },
    "cv_17": {
        "mean": 0.06420733800083644,
        "std": 0.13889173034285457,
        "min": 0.0,
        "max": 1.0
    },
    "mind_14": {
        "mean": 0.24323301684380108,
        "std": 0.4720602401737154,
        "min": 0.0,
        "max": 4.090909090909091
    }
}