{
    "voxpopuli": {
        "num_samples": 1123,
        "mean": 0.11203544977539968,
        "std": 0.1944536861931603,
        "min": 0.0,
        "max": 2.466666666666667
    },
    "cv_22_0": {
        "num_samples": 9421,
        "mean": 0.0702756807522756,
        "std": 0.16669993881894563,
        "min": 0.0,
        "max": 3.0
    },
    "mind_14": {
        "num_samples": 574,
        "mean": 0.3717304517173755,
        "std": 0.820399735745828,
        "min": 0.0,
        "max": 12.2
    }
}