{
    "voxpopuli": {
        "num_samples": 1383,
        "mean": 0.16981534622421107,
        "std": 0.22115271965441585,
        "min": 0.0,
        "max": 1.0
    },
    "cv_22_0": {
        "num_samples": 3930,
        "mean": 0.10987230397535741,
        "std": 0.13673916720479556,
        "min": 0.0,
        "max": 1.0
    },
    "romanian_speech_synthesis_0_8_1": {
        "num_samples": 536,
        "mean": 0.18973522606622106,
        "std": 0.17239233586901961,
        "min": 0.0,
        "max": 1.0
    },
    "echo": {
        "num_samples": 16294,
        "mean": 0.1299079348180359,
        "std": 0.15632248101039167,
        "min": 0.0,
        "max": 2.0
    }
}