{
    "cv_22_0": {
        "num_samples": 3354,
        "mean": 0.21268045502168936,
        "std": 0.26711299051716864,
        "min": 0.0,
        "max": 1.5
    },
    "eurospeech": {
        "num_samples": 6892,
        "mean": 0.2626011586702532,
        "std": 1.4942506232525103,
        "min": 0.0,
        "max": 41.0
    },
    "fleurs": {
        "num_samples": 658,
        "mean": 0.1303749857579719,
        "std": 0.11067695299993946,
        "min": 0.0,
        "max": 0.6666666666666666
    }
}