{
    "samples_per_dataset": 450,
    "voxpopuli": {
        "mean": 0.11930892990075058,
        "std": 0.21844605913484527,
        "min": 0.0,
        "max": 1.0
    },
    "mls": {
        "mean": 0.07847163024041835,
        "std": 0.14135466799760568,
        "min": 0.0,
        "max": 1.2307692307692308
    },
    "cv_17": {
        "mean": 0.033713703870566616,
        "std": 0.09945076120806425,
        "min": 0.0,
        "max": 1.0
    },
    "mind_14": {
        "mean": 0.26471596583680435,
        "std": 0.6153006807029648,
        "min": 0.0,
        "max": 7.875
    }
}