{
    "voxpopuli": {
        "num_samples": 604,
        "mean": 0.14671711084657293,
        "std": 0.19239755682143997,
        "min": 0.0,
        "max": 1.2
    },
    "cv_22_0": {
        "num_samples": 5053,
        "mean": 0.11581686943353278,
        "std": 0.2970338854216809,
        "min": 0.0,
        "max": 4.0
    },
    "eurospeech": {
        "num_samples": 5104,
        "mean": 0.23435555125558097,
        "std": 0.9289107787904074,
        "min": 0.0,
        "max": 29.0
    }
}