{
    "cv_22_0": {
        "num_samples": 2758,
        "mean": 0.18477315428910787,
        "std": 0.26037219484430363,
        "min": 0.0,
        "max": 6.0
    },
    "eurospeech": {
        "num_samples": 3981,
        "mean": 0.2547897402557607,
        "std": 1.469254362776725,
        "min": 0.0,
        "max": 51.0
    },
    "fleurs": {
        "num_samples": 930,
        "mean": 0.196233150919163,
        "std": 0.13159048942358828,
        "min": 0.0,
        "max": 1.0
    },
    "masri_dev": {
        "num_samples": 669,
        "mean": 0.3960886374640871,
        "std": 0.23684890541580395,
        "min": 0.0,
        "max": 1.4
    }
}