{
    "voxpopuli": {
        "num_samples": 1137,
        "mean": 0.19873019085709848,
        "std": 0.3548792752226181,
        "min": 0.0,
        "max": 7.5
    },
    "mls": {
        "num_samples": 3075,
        "mean": 0.10567658944657796,
        "std": 0.14969294111299636,
        "min": 0.0,
        "max": 5.666666666666667
    },
    "cv_22_0": {
        "num_samples": 12033,
        "mean": 0.18787181067931633,
        "std": 0.33788565698271567,
        "min": 0.0,
        "max": 3.5
    },
    "mind_14": {
        "num_samples": 654,
        "mean": 0.28517881432443926,
        "std": 0.44233513298774446,
        "min": 0.0,
        "max": 5.285714285714286
    },
    "sm_test": {
        "num_samples": 2974,
        "mean": 0.3885897603786254,
        "std": 0.42076247643456993,
        "min": 0.0,
        "max": 2.5
    },
    "fleurs": {
        "num_samples": 364,
        "mean": 0.07096530767610951,
        "std": 0.08594339787732451,
        "min": 0.0,
        "max": 0.625
    }
}